actor_name,actor_slug
Тжиеп Сопитнапа Чумпани,tzhiep-sopitnapa-chumpani
У Юй Хэн,u-iui-khen
Со Ин Гук,so-in-guk
Вин Метавин Опатйемкатчон,vin-metavin-opatiemkatchon
Чэнь Шу,chen-shu
У Цянь,u-tsian
Сунь И Чжоу,sun-i-chzhou
Чо Джун Ён,cho-dzhun-ion
Ким До Хун,kim-do-khun
Чжи Иль Чжу,chzhi-il-chzhu
Кан Юль,kan-iul
Брайт Рапипон Тапсуван,brait-rapipon-tapsuvan
Чжан Яо,chzhan-iao
Хань Дун Цзюнь,khan-dun-tsziun
Ли Сан Хи,li-san-khi
Ким Соль Хён,kim-sol-khion
Цзо Сяо Цин,tszo-siao-tsin
Би Вэнь Цзюнь,bi-ven-tsziun
Чжао Яо Кэ,chzhao-iao-ke
Фудзики Наохито,fudziki-naokhito
Ли Ю Би,li-iu-bi
Мураи Рёта,murai-riota
Бай Цзин Тин,bai-tszin-tin
Чон Хе Сон,chon-khe-son
Джеки Чан,dzheki-chan
Ха Джун,kha-dzhun
Чжэн Фань Син,chzhen-fan-sin
Чжоу Да Вэй,chzhou-da-vei
Пак Сон Хо,pak-son-kho
Ли Пиль Мо,li-pil-mo
Сяо Кай Чжун,siao-kai-chzhun
Вик Чоу,vik-chou
Чэнь Цзин Кэ,chen-tszin-ke
Рю Сын Рён,riu-syn-rion
Го Юн Чжон,go-iun-chzhon
Цай Хэн,tsai-khen
Ван И Но,van-i-no
Чжан Синь Тун,chzhan-sin-tun
Им Сон Гюн,im-son-giun
Син Го Ын,sin-go-yn
Сон Хе Гё,son-khe-gio
Гуань Хун,guan-khun
Хуан Цзюнь Цзе,khuan-tsziun-tsze
Мун Чхэ Вон,mun-chkhe-von
У Мин Цзин,u-min-tszin
Тэу Натапон Тэмирак,teu-natapon-temirak
Юн Сан Хён,iun-san-khion
Вилл Ваннарот Сонтичай,vill-vannarot-sontichai
Ким Мён Су,kim-mion-su
Ши Ши,shi-shi
Вэй Чжэ Мин,vei-chzhe-min
Ким Ки Бан,kim-ki-ban
Дай Сы,dai-sy
Хоу Пэй Шань,khou-pei-shan
Пак Пён Ын,pak-pion-yn
Фан И Лунь,fan-i-lun
Тайра Юна,taira-iuna
Вэнь Синь,ven-sin
Цзо Е,tszo-e
Хо Сон Тхэ,kho-son-tkhe
Ли На Ён,li-na-ion
Дэн Цзин Хун,den-tszin-khun
Тун Яо,tun-iao
Ясуда Кэн,iasuda-ken
Синохара Рёко,sinokhara-rioko
Он Джу Ван,on-dzhu-van
Вон Джин А,von-dzhin-a
Барри Надет Кугимия,barri-nadet-kugimiia
Юн Бо Ра,iun-bo-ra
Чон Чхэ Ён,chon-chkhe-ion
Ли Сон Гён,li-son-gion
Ёситака Юрико,iositaka-iuriko
Ким Мин Джу,kim-min-dzhu
Рэйн,rein
Август Вачиравит Пайсанкунвон,avgust-vachiravit-paisankunvon
Чэнь Яо,chen-iao
Синь Юнь Лай,sin-iun-lai
Чхве Ён Джун,chkhve-ion-dzhun
Бона,bona
Ким Сын Су,kim-syn-su
Найто Сюитиро,naito-siuitiro
Сим Ын Гён,sim-yn-gion
Сон Сын Хон,son-syn-khon
Хён У Сон,khion-u-son
Лю Яо Юань,liu-iao-iuan
Син Чжао Линь,sin-chzhao-lin
Маркус Чан,markus-chan
Киф Сиринат Сукантарат,kif-sirinat-sukantarat
Джеймс Супамонкон Вонвисут,dzheims-supamonkon-vonvisut
Ян Цзы,ian-tszy
Чон Сан Хун,chon-san-khun
Сон Сын Ха,son-syn-kha
Чон Хё Сон,chon-khio-son
Бай Шу,bai-shu
Ван Ю Цзюнь,van-iu-tsziun
Ю Ин Су,iu-in-su
Пэк Чжин Хи,pek-chzhin-khi
Сигэока Дайки,sigeoka-daiki
Лю Линь,liu-lin
Чиу Ши Лунь,chiu-shi-lun
Юй Хао Мин,iui-khao-min
Джо Чэнь,dzho-chenb
Ко Васин Асванарунат,ko-vasin-asvanarunat
Ли Тай,li-tai
Ван Цзы Вэй,van-tszy-vei
Приккин Суриярет Якарет,prikkin-suriiaret-iakaret
Нана,nana
Джеймс Ма,dzheims-ma
Цай Цзюнь Жу,tsai-tsziun-zhu
Цао Цзюнь Сян,tsao-tsziun-sian
Чхве Юн Ён,chkhve-iun-ion
Ян И Мо,ian-i-mo
Ван Сюй Чжу,van-siui-chzhu
Юй Цзи Вэй,iui-tszi-vei
Пак Хэ Джун,pak-khe-dzhun
Пак Хён Сик,pak-khion-sik
Чжан Сюэ Ин,chzhan-siue-in
Хотта Аканэ,khotta-akane
О Кван Рок,o-kvan-rok
Чхве Йе На,chkhve-ie-na
Ли Джэ Ук,li-dzhe-uk
Нет Сирапхоп Манитикхун,net-sirapkhop-manitikkhun
У Хао Цзэ,u-khao-tsze
Нам Ки Э,nam-ki-e
Ван И Чжэ,van-i-chzhe
Кубота Саю,kubota-saiu
Пэк Джи Вон,pek-dzhi-von
Чха Ын У,chkha-yn-u
Ма Сы Чао,ma-sy-chao
Хан Ки Ун,khan-ki-un
Не Юань,ne-iuan
Ван Янь Линь,van-ian-lin
Хуан Синь Чунь,khuan-sin-chun
Ли Вон Чжон,li-von-chzhon
Ван Цзы И,van-tszy-i
Ни Хун Цзе,ni-khun-tsze
Чан Хёк Джин,chan-khiok-dzhin
Чэнь Кунь,chen-kun
Джерри Ян,dzherri-ian
Вэнь Ци,ven-tsi
Мацуока Масахиро,matsuoka-masakhiro
Хан Сын Ён,khan-syn-ion
Ким Су Гём,kim-su-giom
Фурукава Юки,furukava-iuki
Ван Лу Цин,van-lu-tsin
Бай Бин Кэ,bai-bin-ke
Ван Чжэнь,van-chzhen
Юй Ши,iui-shi
Лань Чэн Лун,lan-chen-lun
Чан Сын Джо,chan-syn-dzho
Сомэтани Сёта,sometani-siota
Хан Хе Рин,khan-khe-rin
Чэн Цзы,chen-tszy
Ли Кю Хён,li-kiu-khion
Ан Со Хи,an-so-khi
Кан Ки Ён,kan-ki-ion
Янь Цзы Сянь,ian-tszy-sian
Ци Янь Ди,tsi-ian-di
Дун Чжи И,dun-chzhi-i
Ван Гуань И,van-guan-i
Чжан И Син,chzhan-i-sin
Чжу Чжон Хёк,chzhu-chzhon-khiok
Цзин Тянь,tszin-tian
Томита Кэнтаро,tomita-kentaro
Ким Су Ро,kim-su-ro
Чэнь Сяо,chen-siao
Ямасита Томохиса,iamasita-tomokhisa
Ли Чо Хи,li-cho-khi
Чон Ю Мин,chon-iu-min
Хан Хе Чжин,khan-khe-chzhin
Ким Джэ Ён,kim-dzhe-ion
Кудо Асука,kudo-asuka
Ким Чон Ын,kim-chon-yn
Кен Тирадет Вонпуапан,ken-tiradet-vonpuapan
Кавагути Харуна,kavaguti-kharuna
Чэнь Ю Вэй,chen-iu-vei
Ван Дон,van-don
Лю Юй Хань,liu-iui-khan
О Мин Сок,o-min-sok
Чэнь Му Чи,chen-mu-chi
Чжан Чжи Хао,chzhan-chzhi-khao
Чжан И Шан,chzhan-i-shan
Юро Йотсават Тавапи,iuro-iotsavat-tavapi
Чжин И Хан,chzhin-i-khan
Ли Бом Су,li-bom-su
Лу Дун Сюй,lu-dun-siui
Ли Хак Чжу,li-khak-chzhu
Су Мэн Ди,su-men-di
Кан Тэ О,kan-te-o
Ли Фэй,li-fei
Сюн Цзы Ци,siun-tszy-tsi
Фань Вэй,fan-vei
Чжан Цзюнь Нин,chzhan-tsziun-nin
Ан У Ён,an-u-ion
Чжао И Хуан,chzhao-i-khuan
Сон Ё Ын,son-io-yn
Кун Сюэ Эр,kun-siue-er
Иноуэ Юки,inoue-iuki
Цзян Пэй Яо,tszian-pei-iao
Ли Чхэ Ён,li-chkhe-ion
Сун Янь Фэй,sun-ian-fei
Чон Вон Чхан,chon-von-chkhan
Хон Чжон Хён,khon-chzhon-khion
Сайто Такуми,saito-takumi
Май Давика Хонэ,mai-davika-khone
Чжун Ци,chzhun-tsi
Чжу И Лун,chzhu-i-lun
Ли Мун Сик,li-mun-sik
Им Су Хян,im-su-khian
Идзуми Рика,idzumi-rika
Мураками Нидзиро,murakami-nidziro
Хан Хё Чжу,khan-khio-chzhu
Фим Раттапум Токонгсап,fim-rattapum-tokongsap
Оно Сатоши,ono-satoshi
Лю И Цзюнь,liu-i-tsziun
Чон Хе Бин,chon-khe-bin
Чжан Синь Чэн,chzhan-sin-chen
Нани Хиранкрит Чанкам,nani-khirankrit-chankam
Ли Хун И,li-khun-i
Ким Ми Гён,kim-mi-gion
Ким Мин Сок,kim-min-sok
Со Чжу Ён,so-chzhu-ion
Комия Рио,komiia-rio
Ли Дон Хэ,li-don-khe
Цзи Лин Чэнь,tszi-lin-chen
Галф Канавут Трайпипатпон,galf-kanavut-traipipatpon
Мэн Цзы И,men-tszy-i
У Да Би,u-da-bi
Ли Ми Со,li-mi-so
Ан Гиль Кан,an-gil-kan
Ким Пён Ок,kim-pion-ok
Чон Рё Вон,chon-rio-von
Дай Вэнь Вэнь,dai-ven-ven
Гао Вэй Гуан,gao-vei-guan
Кан Да Хён,kan-da-khion
До Кён Су,do-kion-su
Лю И Фэй,liu-i-fei
Ян Се Джон,ian-se-dzhon
Минь Син Хань,min-sin-khan
Эди Ань,edi-an
Ло Цю Юнь,lo-tsiu-iun
Чэн Юй Фэн,chen-iui-fen
Сон Дон Иль,son-don-il
Виктория Сон,viktoriia-son
Чжао Синь,chzhao-sin
Юн Чон Бин,iun-chon-bin
Дай Цзин Яо,dai-tszin-iao
Ван Хэ Жунь,van-khe-zhun
Ван Чжи Хе,van-chzhi-khe
Лин Мэй Ши,lin-mei-shi
Мидзуиси Атому,midzuisi-atomu
Хэ Хун Шань,khe-khun-shan
Син Хе Чжон,sin-khe-chzhon
Шим Чан Мин,shim-chan-min
Мач Чутавут Патхаракампон,mach-chutavut-patkharakampon
Ким Мин Ги,kim-min-gi
Гым Сэ Рок,gym-se-rok
Чха Сын Вон,chkha-syn-von
Ли И Сяо,li-i-siao
Судзуки Нобуюки,sudzuki-nobuiuki
Чжоу Сюнь,chzhou-siun
Накатани Мики,nakatani-miki
Мин Джин Ун,min-dzhin-un
Мацуда Гэнта,matsuda-genta
Ким Бо Ра,kim-bo-ra
Дом Пакорн Лам,dom-pakorn-lam
Чон Джин Ён,chon-dzhin-ion
Рю Сын Су,riu-syn-su
Хань Лэ Яо,khan-le-iao
Китано Кии,kitano-kii
Ли На Ын,li-na-yn
Чан Хёк,chan-khiok
Им Си Ван,im-si-van
Кэ Най Юй,ke-nai-iui
Ан Ын Джин,an-yn-dzhin
Чжу Сюй Дань,chzhu-siui-dan
Гым Кван Сан,gym-kvan-san
Танака Кэй,tanaka-kei
Сон Гон Хи,son-gon-khi
Хуан Дэ И,khuan-de-i
Син Ха Гюн,sin-kha-giun
Ян Ю Нин,ian-iu-nin
Пак Сон Ун,pak-son-un
Доу Сяо,dou-siao
Чжан Жо Юнь,chzhan-zho-iun
Юй Цун,iui-tsun
Хару,kharu
Китамура Кадзуки,kitamura-kadzuki
Ким Хён Чжу,kim-khion-chzhu
Ким Хиора,kim-khiora
Го Сюэ Фу,go-siue-fu
Пак Джу Хи,pak-dzhu-khi
Дин И И,din-i-i
Чжао И Цинь,chzhao-i-tsin
Чжан Юй Си,chzhan-iui-si
Ю Сын Хо,iu-syn-kho
Пак Ын Бин,pak-yn-bin
Чэн Лэй,chen-lei
Пак Юн Чжэ,pak-iun-chzhe
Алек Тирадет Метаварают,alek-tiradet-metavaraiut
Син Мён Сон,sin-mion-son
Кубота Масатака,kubota-masataka
Хонда Кёя,khonda-kioia
Кобаяси Рёко,kobaiasi-rioko
Чжан Юнь Лун,chzhan-iun-lun
У Лэй,u-lei
Чжан Вань И,chzhan-van-i
Ван Бо Вэнь,van-bo-ven
Чжан Сы Фань,chzhan-sy-fan
Кавасэ Рико,kavase-riko
Чжао Ли Ин,chzhao-li-in
Ли Чжу Ён,li-chzhu-ion
Араки Юко,araki-iuko
Ван Си Чао,van-si-chao
Ивата Таканори,ivata-takanori
Майкл Патарадет Сануонкванди,maikl-pataradet-sanuonkvandi
Ли Хён Ук,li-khion-uk
Намтан Типнари Вираватнодом,namtan-tipnari-viravatnodom
Чхэ Со Чжин,chkhe-so-chzhin
Ли Чхан Ук,li-chkhan-uk
Чхве Ши Вон,chkhve-shi-von
Ли Му Чэнь,li-mu-chen
Чхве Хи Джин,chkhve-khi-dzhin
Мик Тонрая,mik-tonraia
Лю Чжи Вэй,liu-chzhi-vei
Мун Сан Мин,mun-san-min
Чжан Чао,chzhan-chao
Кан Ха Ныль,kan-kha-nyl
Сирасу Джин,sirasu-dzhin
Юн Джи Хе,iun-dzhi-khe
Ли Фэй Эр,li-fei-er
Ван Юй Вэнь,van-iui-ven
Ли Джун,li-dzhun
Ли Ин,li-in
Ок Тэк Ён,ok-tek-ion
Хэйден Куо,kheiden-kuo
Цяо Синь,tsiao-sin
Ли Цзя Хао,li-tszia-khao
Сон Хун,son-khun
Игэта Хироэ,igeta-khiroe
Ли Мин Чжон,li-min-chzhon
Нам Джи Хён,nam-dzhi-khion
Ян Цзы Шань,ian-tszy-shan
Ким Сан У,kim-san-u
Ли Чун Хо,li-chun-kho
Перт Танапон Сукумпантанасан,pert-tanapon-sukumpantanasan
Чан Ин Соп,chan-in-sop
Ирияма Норико,iriiama-noriko
Ян Мин На,ian-min-na
Пак Чжу Хён,pak-chzhu-khion
Юи,iui
Ли Джун Хёк,li-dzhun-khiok
Ом Хён Гён,om-khion-gion
Сон Джи Ру,son-dzhi-ru
Сухо,sukho
Понг Нават Кулраттанарак,pong-navat-kulrattanarak
Гу Чжа Сон,gu-chzha-son
Лю Синь Ци,liu-sin-tsi
Чан Гын Сок,chan-gyn-sok
Кан Хе Вон,kan-khe-von
Сюй Лу,siui-lu
Се Бинь Бинь,se-bin-bin
Ли Синь Цзэ,li-sin-tsze
Номура Сюхэй,nomura-siukhei
Ким Хё Чжин,kim-khio-chzhin
Го Джун,go-dzhun
Пу Тао,pu-tao
Чхве Су Ён,chkhve-su-ion
Фурукава Юта,furukava-iuta
Го А Сон,go-a-son
Юй Вэнь Вэнь,iui-ven-ven
Сунь Сюэ Нин,sun-siue-nin
Го Цзин Фэй,go-tszin-fei
Да Вон,da-von
Дэн Ша,den-sha
Джо Чэн,dzho-chen
Ха Сок Джин,kha-sok-dzhin
Ми Жэ,mi-zhe
Чон Джэ Кван,chon-dzhe-kvan
Ли Тхэ Сон,li-tkhe-son
Чжан Юн Бо,chzhan-iun-bo
Масю Ая,masiu-aia
У Мань Сы,u-man-sy
Цзян Цзы Лэ,tszian-tszy-le
Чон Дон Хун,chon-don-khun
Ли Гэ Ян,li-ge-ian
Чэнь Синь Хай,chen-sin-khai
Ито Аюми,ito-aiumi
Чу Чжин Мо,chu-chzhin-mo
Ким Сан Гён,kim-san-gion
Чжан Бо Цзя,chzhan-bo-tszia
Ся Мэн,sia-men
Шао Юй Вэй,shao-iui-vei
Сяо Шунь Яо,siao-shun-iao
Ту Чжи Ин,tu-chzhi-in
Ван Цзин,van-tszin
Чэнь Фэй Юй,chen-fei-iui
Кэй Лэртситтичай,kei-lertsittichai
Ван Юань,van-iuan
Цзинь Ши Цзя,tszin-shi-tszia
Ё Кимико,io-kimiko
Кан Мин А,kan-min-a
Ли До Хён,li-do-khion
Ван Ли Кунь,van-li-kun
О Чжи Хо,o-chzhi-kho
Чан Бинь,chan-bin
Сон Сок Гу,son-sok-gu
Ким Син Рок,kim-sin-rok
Аариф Рахман,aarif-rakhman
Хай Лин,khai-lin
Пак Сон Ён,pak-son-ion
Ли Эллия,li-elliia
Ян Сюй Вэнь,ian-siui-ven
Такахаси Кёхэй,takakhasi-kiokhei
Ли Сан И,li-san-i
Ёсикава Аи,iosikava-ai
Ли И Тун,li-i-tun
Го Бо Гёль,go-bo-giol
Насу Юто,nasu-iuto
Нонакун Чанон Сантинатонкун,nonakun-chanon-santinatonkun
Ли Су Гён,li-su-gion
Би Намтип Чонрачатавибун,bi-namtip-chonrachatavibun
Ан Сок Хван,an-sok-khvan
Николас Цзе,nikolas-tsze
Ху Юнь Хао,khu-iun-khao
Ян Хао Юй,ian-khao-iui
Кимура Тацунари,kimura-tatsunari
Ван Ян Мин,van-ian-min
Лэй Цзя Инь,lei-tszia-in
Пак Си Ён,pak-si-ion
Чжу Цзы Цзе,chzhu-tszy-tsze
Чжань Юй,chzhan-iui
Идзука Кэнта,idzuka-kenta
Хоу Мин Хао,khou-min-khao
Ким Джу Хон,kim-dzhu-khon
Ху Сянь Сюй,khu-sian-siui
Джейджей Чаякон Тжутамат,dzheidzhei-chaiakon-tzhutamat
Окада Ёсинори,okada-iosinori
Чон До Ён,chon-do-ion
Кэ Ин,ke-in
Линь Бо Хун,lin-bo-khun
Чо Су Хян,cho-su-khian
Чон Дон Хван,chon-don-khvan
Бум Киткон Кхамкрит,bum-kitkon-kkhamkrit
Чжан И Цзе,chzhan-i-tsze
Тео Ю,teo-iu
Чжо Ан,chzho-an
Ким Тхэ Хи,kim-tkhe-khi
Ким Хи Чан,kim-khi-chan
Ли Цин Тянь,li-tsin-tian
Мён Се Бин,mion-se-bin
Сюй Цзя Вэй,siui-tszia-vei
Чхве Джэ Хён,chkhve-dzhe-khion
Сьерра Ли,serra-li
Сян Хао,sian-khao
Яя Урассая Спербунд,iaia-urassaia-sperbund
О Сын Юн,o-syn-iun
Янь Си,ian-si
Юн Джон Хан,iun-dzhon-khan
Соль Джон Хван,sol-dzhon-khvan
Вань Цянь,van-tsian
Ван Ян,van-ian
Хэ Нань,khe-nan
Ден Чао Юань,den-chao-iuan
Лю И Чан,liu-i-chan
Чжао Лу Сы,chzhao-lu-sy
Той Тчаринпон Тчункиат,toi-tcharinpon-tchunkiat
Ни Ни,ni-ni
Комацу Нана,komatsu-nana
Нича Наттанича Данваттаванит,nicha-nattanicha-danvattavanit
Гуань Сяо Тун,guan-siao-tun
Ли И Гён,li-i-gion
Го Вон Хи,go-von-khi
Го Цзя Нань,go-tszia-nan
Сон Хо Джун,son-kho-dzhun
Хан Со Ын,khan-so-yn
Гон Сын Ён,gon-syn-ion
Рю Хва Ён,riu-khva-ion
Ким Ю Ми,kim-iu-mi
Тьютор Корапат Ламной,tiutor-korapat-lamnoi
Вэй Цянь Сян,vei-tsian-sian
Чхве Бён Мо,chkhve-bion-mo
Ё Чжин Гу,io-chzhin-gu
У Сюань И,u-siuan-i
Чхве Мин Хо,chkhve-min-kho
Чэнь Хао Лань,chen-khao-lan
Инь Чжэн,in-chzhen
Лю Юй Нин,liu-iui-nin
Чэнь Шу Цзюнь,chen-shu-tsziun
Уильям Чань,uiliam-chan
Пэк Джу Хо,pek-dzhu-kho
Юй И Цзе,iui-i-tsze
Цзюй Цзин И,tsziui-tszin-i
Тан Сяо Тянь,tan-siao-tian
Го Цзя Юй,go-tszia-iui
Чжан Юй Ци,chzhan-iui-tsi
Гао Юнь Сян,gao-iun-sian
Ла Му Ян Цзы,la-mu-ian-tszy
Ро Ун,ro-un
Ян Е Мин,ian-e-min
Флюк Кан Кантатавон,fliuk-kan-kantatavon
Ли Цзю Линь,li-tsziu-lin
Хван Сон Хи,khvan-son-khi
Мацуяма Кэнъити,matsuiama-keniti
Тянь Си Вэй,tian-si-vei
Пэ Сюзи,pe-siuzi
Ню Цзюнь Фэн,niu-tsziun-fen
Фань Сяо Дун,fan-siao-dun
Ван Мэн Ли,van-men-li
Ли Сэ Он,li-se-on
Ли Кван Су,li-kvan-su
Элис Ко,elis-ko
Ли Цзэ Фэн,li-tsze-fen
Тэ Хан Хо,te-khan-kho
Чжун Чу Си,chzhun-chu-si
Кан Цин Цзы,kan-tsin-tszy
Ян Жун,ian-zhun
Син Се Гён,sin-se-gion
Чон Ын Джи,chon-yn-dzhi
Чан Со Вон,chan-so-von
Ян Ши Цзэ,ian-shi-tsze
Чжин Чжи Хи,chzhin-chzhi-khi
Вань Пэн,van-pen
Ким Дон Ён,kim-don-ion
Чху Ён У,chkhu-ion-u
Чон Син Хе,chon-sin-khe
Квон Ю Ри,kvon-iu-ri
Чхве Сон Ын,chkhve-son-yn
Чон Хэ Ин,chon-khe-in
Ли Танат Лекуносомбат,li-tanat-lekunosombat
Сюй Хай Цяо,siui-khai-tsiao
Бай Лу,bai-lu
Сюмин,siumin
Чон Си А,chon-si-a
Чжу Цзя Цянь,chzhu-tszia-tsian
Шэн И Лунь,shen-i-lun
Пак Сан Мён,pak-san-mion
Ито Асахи,ito-asakhi
Чэнь Бо Хао,chen-bo-khao
Цзун Юань Юань,tszun-iuan-iuan
Чжан Нань,chzhan-nan
Чхве Вон Ён,chkhve-von-ion
Ким Юн У,kim-iun-u
Фань Мэн,fan-men
Ки Тхэ Ён,ki-tkhe-ion
Юн Чхэ Гён,iun-chkhe-gion
Чон Да Бин,chon-da-bin
Лю Ши Ши,liu-shi-shi
Чэнь Хэ И,chen-khe-i
Чжу Шэн И,chzhu-shen-i
Гун Ми,gun-mi
Пак Джи Ён,pak-dzhi-ion
Нау Тисанат Сонсык,nau-tisanat-sonsyk
Ли Чжо Ян,li-chzho-ian
Ма Мэн Вэй,ma-men-vei
Сун И,sun-i
Ким Кён Нам,kim-kion-nam
Хуан Цзы Тао,khuan-tszy-tao
Пак Сон Хун,pak-son-khun
Ли Дай Кунь,li-dai-kun
Ван Хэ Ди,van-khe-di
Ян Синь Ин,ian-sin-in
Чжан Бинь Бинь,chzhan-bin-bin
Пак Сон Иль,pak-son-il
Гао Синь,gao-sin
Цзи Сяо Бин,tszi-siao-bin
Чжоу Дун Юй,chzhou-dun-iui
Лю Жунь Нань,liu-zhun-nan
Ли Сан Ёп,li-san-iop
Маэда Ацуко,maeda-atsuko
Чхве Вон Мён,chkhve-von-mion
Янь Ни,ian-ni
Чиа Трикампон Риттапинан,chia-trikampon-rittapinan
Сэмми Коуэлл,semmi-kouell
Ли Джи Хун,li-dzhi-khun
Пхувин Тансакъюэн,pkhuvin-tansakiuen
Чан Рюль,chan-riul
Пэ Юн Гён,pe-iun-gion
Ли Да Хи,li-da-khi
Иэн Ситха Сапанучат,ien-sitkha-sapanuchat
Цинь Лань,tsin-lan
Ли Сон Джэ,li-son-dzhe
У Цзинь Янь,u-tszin-ian
Тун Да Вэй,tun-da-vei
Хэй Цзэ,khei-tsze
Чжан Ю Хао,chzhan-iu-khao
Ким Со Джин,kim-so-dzhin
Ли Дон Гон,li-don-gon
Чон У Чжин,chon-u-chzhin
Ху Дань Дань,khu-dan-dan
Им Чхоль Су,im-chkhol-su
Чхон У Хи,chkhon-u-khi
Тоно Пакин Камвилайсак,tono-pakin-kamvilaisak
Чхве Мин Ги,chkhve-min-gi
Ёсиока Рихо,iosioka-rikho
Лю Минь,liu-min
Ким Хе Ок,kim-khe-ok
Чжу Цзинь Тун,chzhu-tszin-tun
Пак Хёк Квон,pak-khiok-kvon
Ян Ян,ian-ian
Ким Сон Хо,kim-son-kho
Чжан Чэнь Сяо,chzhan-chen-siao
Чон Хе Джин,chon-khe-dzhin
Хуан Шэн И,khuan-shen-i
У Ло Хань,u-lo-khan
Он Сон У,on-son-u
Хон Ын Ги,khon-yn-gi
Ли Док Хва,li-dok-khva
Ли Бён Хон,li-bion-khon
Вэнь Мо Янь,ven-mo-ian
Чэнь Сяо Юнь,chen-siao-iun
Ра Ми Ран,ra-mi-ran
Дай Сян Юй,dai-sian-iui
Танин Каньяви Сонмыан,tanin-kaniavi-sonmyan
Ли Сон Ёль,li-son-iol
Буа Налинтип Сакунонампай,bua-nalintip-sakunonampai
Энэн Фатима Дечаваликун,enen-fatima-dechavalikun
Хоу Вэнь Юань,khou-ven-iuan
Карата Эрика,karata-erika
Ху И Сюань,khu-i-siuan
Сон Кан,son-kan
Ван Лун Чжэн,van-lun-chzhen
Каптан Чонлатон Конгинён,kaptan-chonlaton-konginion
Кан Хун,kan-khun
Цзи Чэнь,tszi-chen
Сунь Цянь,sun-tsian
Квон Ын Бин,kvon-yn-bin
Гай Юэ Си,gai-iue-si
Ли Цзы Фэн,li-tszy-fen
Пак Чан Ёль,pak-chan-iol
Чжао Цзя Минь,chzhao-tszia-min
Бянь Тянь Ян,bian-tian-ian
Чхве Ю Чжон,chkhve-iu-chzhon
Чан На Ра,chan-na-ra
Йери,ieri
Пань Лу Юй,pan-lu-iui
Ли Джу У,li-dzhu-u
Мин Сон Ук,min-son-uk
Сакурада Хиёри,sakurada-khiiori
Ван Цзюнь Хао,van-tsziun-khao
Сугисаки Хана,sugisaki-khana
Ким Хён Мин,kim-khion-min
Асахина Ая,asakhina-aia
Цзя Най Лян,tszia-nai-lian
Хата Мэй,khata-mei
Кенни Кван,kenni-kvan
Чхве Тхэ Джун,chkhve-tkhe-dzhun
Пэн Юй Чан,pen-iui-chan
Чжу Вон,chzhu-von
Чан У Ён,chan-u-ion
Байферн Пимчанок Лывисетпайбун,baifern-pimchanok-lyvisetpaibun
Чон Э Ён,chon-e-ion
Мицусима Хикари,mitsusima-khikari
Ю Ра,iu-ra
Солли,solli
Чан Дон Юн,chan-don-iun
Чжао Шунь Жань,chzhao-shun-zhan
Пак Ха На,pak-kha-na
Гуань Цзинь Линь,guan-tszin-lin
Баро,baro
Тея Си,teia-si
Байтой Зувапит Трайпонворакит,baitoi-zuvapit-traiponvorakit
Каясима Мидзуки,kaiasima-midzuki
Пань Мэй Е,pan-mei-e
Чхве Ю Джу,chkhve-iu-dzhu
Хэ Чжун Хуа,khe-chzhun-khua
Е Цин,e-tsin
Китамура Такуми,kitamura-takumi
Ким Сон О,kim-son-o
Пён У Сок,pion-u-sok
Пэ Хён Сон,pe-khion-son
Чэнь Фан Тун,chen-fan-tun
Кан Чан Хи,kan-chan-khi
Хани,khani
Пак Хан Соль,pak-khan-sol
Ямасита Мидзуки,iamasita-midzuki
О Юн А,o-iun-a
Чо Бо А,cho-bo-a
Ма Тянь Юй,ma-tian-iui
Кимура Такуя,kimura-takuia
Майк Хэ,maik-khe
Ли Си Хун,li-si-khun
У До Хван,u-do-khvan
Тун Пимпави Кокрабин,tun-pimpavi-kokrabin
Вэнь Шэнь Хао,ven-shen-khao
Пэ Да Бин,pe-da-bin
Ким Дон Хви,kim-don-khvi
Лю Жуй Линь,liu-zhui-lin
Ким Кан У,kim-kan-u
Ким Сан Хо,kim-san-kho
Лай Си Лун,lai-si-lun
Рой Цю,roi-tsiu
У Си Цзэ,u-si-tsze
Чан Хи Джин,chan-khi-dzhin
Омидзу Ёсукэ,omidzu-iosuke
Ян Чао Юэ,ian-chao-iue
Чо Джин Ун,cho-dzhin-un
Майд Лапасалан Тжираветсунтонкун,maid-lapasalan-tzhiravetsuntonkun
Нам Гун Мин,nam-gun-min
Хасимото Канна,khasimoto-kanna
Чжан Цзя Ни,chzhan-tszia-ni
Ли Цинь,li-tsin
Им Джи Ён,im-dzhi-ion
Ли Вэнь Хань,li-ven-khan
Со И Сук,so-i-suk
Дженни Панан,dzhenni-panan
Юй Сюань Чэнь,iui-siuan-chen
Юй Чэн Энь,iui-chen-en
Чжан Тао,chzhan-tao
Чжао Ин Бо,chzhao-in-bo
Накамура Юрика,nakamura-iurika
Чэнь Син Сюй,chen-sin-siui
Крис Филлипс,kris-fillips
Ян Сюэ Эр,ian-siue-er
Го А Ра,go-a-ra
Ли Чон Джэ,li-chon-dzhe
Такахата Мицуки,takakhata-mitsuki
Ким Ён Мин,kim-ion-min
Тань Сун Юнь,tan-sun-iun
Шао Юй Ци,shao-iui-tsi
Чхве Даниель,chkhve-daniel
Фуджигая Тайске,fudzhigaia-taiske
Уэто Ая,ueto-aia
Ли Хо Вон,li-kho-von
Асакава Нана,asakava-nana
Цзэн Ли,tszen-li
Хван Сок Чжон,khvan-sok-chzhon
Чжан Сяо Цянь,chzhan-siao-tsian
Чха Ин Пё,chkha-in-pio
Ли Сан,li-san
Пён Со Юн,pion-so-iun
Чо Ин Сон,cho-in-son
Сяо Юй Юй,siao-iui-iui
О Ый Сик,o-yi-sik
О Чхан Сок,o-chkhan-sok
Фэн Шао Фэн,fen-shao-fen
Цзин Бо Жань,tszin-bo-zhan
Ли Гэн Си,li-gen-si
Сунь Кай,sun-kai
Комацу Аяка,komatsu-aiaka
Чжан Чжи Си,chzhan-chzhi-si
Бай Юй Фань,bai-iui-fan
Ду Я Фэй,du-ia-fei
Луктчан Пхасиди Петсути,luktchan-pkhasidi-petsuti
Пак Мин Ён,pak-min-ion
Хуан Жи Ин,khuan-zhi-in
Сян Цзе Жу,sian-tsze-zhu
Тянь Цзя Жуй,tian-tszia-zhui
Тиффани Сюй,tiffani-siui
Сюй Кай Синь,siui-kai-sin
Ха Чжи Вон,kha-chzhi-von
Цзэн Чжи Цяо,tszen-chzhi-tsiao
Чан Сон Юн,chan-son-iun
Чон Чжи Хён,chon-chzhi-khion
Дильраба,dilraba
Ом Ки Чжун,om-ki-chzhun
Чхэ Хён Вон,chkhe-khion-von
Ли Хе Ри,li-khe-ri
У Мо Тун,u-mo-tun
Син Сын Хо,sin-syn-kho
Цай Сян Юй,tsai-sian-iui
Аясэ Харука,aiase-kharuka
Пак Джун Гым,pak-dzhun-gym
Ан Бо Хён,an-bo-khion
Сато Такэру,sato-takeru
Нанон Корапат Кирдпан,nanon-korapat-kirdpan
Чон Со Ни,chon-so-ni
Хэ Шэн Мин,khe-shen-min
Чжао Чжао И,chzhao-chzhao-i
Донат Паттарапон Детпонваранон,donat-pattarapon-detponvaranon
Нака Рииса,naka-riisa
Чо Бок Рэ,cho-bok-re
Ли Тхэ Ри,li-tkhe-ri
Хоу Дун,khou-dun
Ло Цзинь,lo-tszin
Ким Хи Чон,kim-khi-chon
Андо Сэй,ando-sei
Цао Юй Чэнь,tsao-iui-chen
Сюй Гуан Хань,siui-guan-khan
Сюй Кай,siui-kai
Чжу Юань Бин,chzhu-iuan-bin
Хуан Сяо Мин,khuan-siao-min
Юань Хун,iuan-khun
Чха Чжу Ён,chkha-chzhu-ion
Кем Хассави Пакрапонпайсан,kem-khassavi-pakraponpaisan
У Чун Сюань,u-chun-siuan
Ким Хян Ги,kim-khian-gi
Ли Сан Юн,li-san-iun
Ли Цзя Хан,li-tszia-khan
Ха Чон У,kha-chon-u
Ван Ю Шо,van-iu-sho
Ю Джэ Мён,iu-dzhe-mion
Дзиро Ван,dziro-van
Ю Цзин Жу,iu-tszin-zhu
Мун Чон Хи,mun-chon-khi
Хван Бо Ра,khvan-bo-ra
Ли Джин Ук,li-dzhin-uk
Пу Пу,pu-pu
Гао Хань Юй,gao-khan-iui
Нагасава Масами,nagasava-masami
Нат Китчарит,nat-kitcharit
Судзуки Кёка,sudzuki-kioka
Чэн Сяо Мэн,chen-siao-men
Ким Гю Чхоль,kim-giu-chkhol
Юн Ге Сан,iun-ge-san
Никки Ву,nikki-vu
Пантжан Прама Иманотай,pantzhan-prama-imanotai
Дью Джирават Сутиваничасак,diu-dzhiravat-sutivanichasak
Хван Ин Ёп,khvan-in-iop
Ли Си У,li-si-u
Чон И Ран,chon-i-ran
Дион Лам,dion-lam
Ван Яо Цин,van-iao-tsin
Чэнь Синь Юй,chen-sin-iui
Сакагути Кэнтаро,sakaguti-kentaro
Цзян Синь,tszian-sin
Чон Чжон Со,chon-chzhon-so
Чжан Юй Цзянь,chzhan-iui-tszian
Пак Ён У,pak-ion-u
Чжэн Нань Си,chzhen-nan-si
Со Йе Хва,so-ie-khva
Чон Ю Джин,chon-iu-dzhin
Жэнь Юнь Цзе,zhen-iun-tsze
Линь Гэн Синь,lin-gen-sin
Линь Кай Цзе,lin-kai-tsze
Тэрамото Рио,teramoto-rio
Чо Джэ Юн,cho-dzhe-iun
Офрод Кантапон Тчиндатавипон,ofrod-kantapon-tchindatavipon
Чжу Чжу,chzhu-chzhu
Ли Чон Джин,li-chon-dzhin
Исом,isom
Чон Юн Хо,chon-iun-kho
Шэн Хуэй Цзы,shen-khuei-tszy
Ивасаки Тайсё,ivasaki-taisio
Со Хе Вон,so-khe-von
Ли Ю Ми,li-iu-mi
Пак Бо Ён,pak-bo-ion
Тан Минь,tan-min
Ли Сянь,li-sian
Пэн Би Яо,pen-bi-iao
Ким Мин Гю,kim-min-giu
Нат Натчапон Раттанамонкон,nat-natchapon-rattanamonkon
Рэй Ян,rei-ian
Инукай Ацухиро,inukai-atsukhiro
Пэк Со Ху,pek-so-khu
Лю Се Нин,liu-se-nin
Сяо Янь,siao-ian
Хан Да Гам,khan-da-gam
Као Супасара Таначат,kao-supasara-tanachat
Такэда Кохэй,takeda-kokhei
Иноуэ Сора,inoue-sora
Сюй Шао Ин,siui-shao-in
Пак Ки Ун,pak-ki-un
Хэ Хао Чэнь,khe-khao-chen
Сон Ха Юн,son-kha-iun
У Хай,u-khai
Фон Санантачат Танапатписан,fon-sanantachat-tanapatpisan
Ван Жуй Цзы,van-zhui-tszy
Ли Ён Хи,li-ion-khi
Питер Хо,piter-kho
Пак Чжин Чжу,pak-chzhin-chzhu
Чэнь Ду Лин,chen-du-lin
Вэй Тянь Хао,vei-tian-khao
Фукуси Сота,fukusi-sota
Цзэн Шунь Си,tszen-shun-si
Фэн Ли Цзюнь,fen-li-tsziun
Ан Хё Соп,an-khio-sop
Чон Со Мин,chon-so-min
Квон Со Хён,kvon-so-khion
Жуань Шэн Вэнь,zhuan-shen-ven
Плой Черман Бунъясак,ploi-cherman-buniasak
Ом Чон Хва,om-chon-khva
Кудо Мио,kudo-mio
Ким Са Ран,kim-sa-ran
Вэй Сяо,vei-siao
Оу Ми Дэ,ou-mi-de
Чжу Цзань Цзинь,chzhu-tszan-tszin
Чхон Хо Джин,chkhon-kho-dzhin
Фань Чэн Чэн,fan-chen-chen
Чэнь И Хань,chen-i-khan
Накагава Тайси,nakagava-taisi
Асида Мана,asida-mana
Нагасе Рэн,nagase-ren
Ким Со Хён,kim-so-khion
Пэ Ин Хёк,pe-in-khiok
Ван Кай,van-kai
Цзинь Цзя Юй,tszin-tszia-iui
Лу Чжао Хуа,lu-chzhao-khua
Чжан Мэн,chzhan-men
Джосс Вэйар Сангнын,dzhoss-veiar-sangnyn
Мацудзака Тори,matsudzaka-tori
Чан Дон Гон,chan-don-gon
Хэ Юй,khe-iui
О Ман Сок,o-man-sok
Го Кён Пё,go-kion-pio
Ван Син Юэ,van-sin-iue
Юань Хао,iuan-khao
Хуан Цзин Чжоу,khuan-tszin-chzhou
Чон Но Мин,chon-no-min
Биби,bibi
Киритани Мирэй,kiritani-mirei
Чэн И,chen-i
Гай Сивакон Летчучот,gai-sivakon-letchuchot
Фукухара Харука,fukukhara-kharuka
Ким Хе Чжун,kim-khe-chzhun
Син Хён Су,sin-khion-su
Анджела Бейби,andzhela-beibi
Сакурай Шо,sakurai-sho
Сюй Хун Хао,siui-khun-khao
Цзян Лун,tszian-lun
Цзэн Кэ Ни,tszen-ke-ni
Ю Сон Хо,iu-son-kho
Нао,nao
Фудзии Рюсэй,fudzii-riusei
Уоллес Хо,uolles-kho
Чхве У Шик,chkhve-u-shik
Кан Со Ра,kan-so-ra
Ли Сон Бин,li-son-bin
Чжан Цзин И,chzhan-tszin-i
Чин Хи Гён,chin-khi-gion
Ван Линь,van-lin
Чэнь Синь Вэй,chen-sin-vei
Ха Ён Джу,kha-ion-dzhu
Чжи У,chzhi-u
Морисако Эи,morisako-ei
Косэки Юта,koseki-iuta
Ван Шуан,van-shuan
Сян Синь,sian-sin
Дин Юй Си,din-iui-si
Син Вон Хо,sin-von-kho
Яги Ариса,iagi-arisa
Фань Ши Жань,fan-shi-zhan
Ким Мён Мин,kim-mion-min
Ли Цзя Мин,li-tszia-min
Ли Чжэ Хун,li-chzhe-khun
Чжан Цзин Чу,chzhan-tszin-chu
Дун Синь Юнь,dun-sin-iun
Пэ Сон У,pe-son-u
Чхве Джин Хёк,chkhve-dzhin-khiok
Кимберли Энн Волтемас,kimberli-enn-voltemas
Чхве Сон Мин,chkhve-son-min
Чон Су Бин,chon-su-bin
Чжан Хэ,chzhan-khe
Им Хо,im-kho
Ю Су Бин,iu-su-bin
Цурусима Ноа,tsurusima-noa
Ли Су Мин,li-su-min
Дженис Ман,dzhenis-man
Чжан Жо Нань,chzhan-zho-nan
Чжоу Цзюнь Вэй,chzhou-tsziun-vei
Чжао И Бо,chzhao-i-bo
Ван Хао Гэ,van-khao-ge
Сюй Бай Хуэй,siui-bai-khuei
Пак Джин У,pak-dzhin-u
Лю Янь,liu-ian
Сон У Хён,son-u-khion
Мин У Хёк,min-u-khiok
Цюань Пэй Лунь,tsiuan-pei-lun
Офф Джумпон Адункиттипон,off-dzhumpon-adunkittipon
Хан Чжи Хён,khan-chzhi-khion
Джени Тиенпосуван,dzheni-tienposuvan
Кан Син Хё,kan-sin-khio
Мацуока Маю,matsuoka-maiu
Чжан Цзюн Минь,chzhan-tsziun-min
Цао Ю Нин,tsao-iu-nin
Ли Юнь Жуй,li-iun-zhui
Жэнь Чжун,zhen-chzhun
Чжи Мин Хёк,chzhi-min-khiok
Ли Сон Мин,li-son-min
Хо Вон Со,kho-von-so
Той Патомпон Рыончайди,toi-patompon-ryonchaidi
Карина,karina
Ли Гю Хан,li-giu-khan
Ли Чэн Бинь,li-chen-bin
У Цзюнь Чао,u-tsziun-chao
Чо У Джин,cho-u-dzhin
Сунь И Хань,sun-i-khan
Чхэ Чжон Ан,chkhe-chzhon-an
Жуй Вэй Хан,zhui-vei-khan
У Ли Пэн,u-li-pen
Чимон Вачиравит Руангвиват,chimon-vachiravit-ruangvivat
Ван Сяо,van-siao
Пуш Путичай Касетсин,push-putichai-kasetsin
Ким Джон Хён,kim-dzhon-khion
Ким Со Хе,kim-so-khe
Вэнь Юань,ven-iuan
Ён Джун Сок,ion-dzhun-sok
Ким Кан Мин,kim-kan-min
Хань Гэн,khan-gen
Ким Тэ Ри,kim-te-ri
О Ха Ни,o-kha-ni
Ли Чхан,li-chkhan
Фань Чжи Синь,fan-chzhi-sin
Ли Пэй Энь,li-pei-en
Чон Мин Ук,chon-min-uk
Ким Тхэ Хун,kim-tkhe-khun
Рё Ун,rio-un
Ли Джун Ён,li-dzhun-ion
Ли Лань Ди,li-lan-di
Кай,kai
Юй Цин Бинь,iui-tsin-bin
Ян Дон Гын,ian-don-gyn
Чжу Чжэн Тин,chzhu-chzhen-tin
Хэ Лань Доу,khe-lan-dou
Пран Каннаран Вонкачонклай,pran-kannaran-vonkachonklai
Чэнь Цзы Ю,chen-tszy-iu
Ха Сын Ри,kha-syn-ri
Марк Прин Супарат,mark-prin-suparat
Ли Джун Ки,li-dzhun-ki
Сюй Кай Чэн,siui-kai-chen
Ким Нам Гиль,kim-nam-gil
Ан Джэ Ук,an-dzhe-uk
Ли Сон Хо,li-son-kho
Фо Саконрат Вораурай,fo-sakonrat-voraurai
Ким Сон Гю,kim-son-giu
Го Цзюнь Чэнь,go-tsziun-chen
Ариэль Линь,ariel-lin
Чжан Лин Хэ,chzhan-lin-khe
Ли Мин Хёк,li-min-khiok
Ли Чон Сок,li-chon-sok
Пак Ын Хе,pak-yn-khe
Чхве Сон Джун,chkhve-son-dzhun
Ким Сон Гюн,kim-son-giun
Хуан Цзин Юй,khuan-tszin-iui
Джэн Плойчомпу Супхасап,dzhen-ploichompu-supkhasap
Фань Шао Сюнь,fan-shao-siun
Бом Пхонсакон Тосуван,bom-pkhonsakon-tosuvan
Аум Патчарапа,aum-patcharapa
Ян Ми,ian-mi
Ци Пэй Синь,tsi-pei-sin
Цинь Цзюнь Цзе,tsin-tsziun-tsze
Итиносэ Хаятэ,itinose-khaiate
Ао Жуй Пэн,ao-zhui-pen
Ци Вэй,tsi-vei
Ким Хе Су,kim-khe-su
Йе Джи Вон,ie-dzhi-von
Такэдзай Тэруносукэ,takedzai-terunosuke
Роки,roki
Ту Тонтаван Тонтиветчакун,tu-tontavan-tontivetchakun
Сибасаки Ко,sibasaki-ko
Ю Джэ Сок,iu-dzhe-sok
Хаяма Сёно,khaiama-siono
Чан Сон Бом,chan-son-bom
Е Сяо Вэй,e-siao-vei
Чай Би Юнь,chai-bi-iun
Чжу Се Бин,chzhu-se-bin
Жэнь Ю Лунь,zhen-iu-lun
Лу Фан Ци,lu-fan-tsi
Чжоу Юй Тун,chzhou-iui-tun
Цзин Янь Цзюнь,tszin-ian-tsziun
Минт Чалида Витчитвонтон,mint-chalida-vitchitvonton
Чэнь Я Ань,chen-ia-an
Чжан Да Юань,chzhan-da-iuan
Чан Ён Нам,chan-ion-nam
Чо Ё Чжон,cho-io-chzhon
Ким Джи Ын,kim-dzhi-yn
Ай Наттарат Ноппаратаяпон,ai-nattarat-nopparataiapon
Бай Бин,bai-bin
Чон Ён Хва,chon-ion-khva
Ким Ён Дэ,kim-ion-de
Кэлвин Чэнь,kelvin-chen
Ли Джу Бин,li-dzhu-bin
Такацуки Сара,takatsuki-sara
Яда Наринья Кунмонконпхет,iada-narinia-kunmonkonpkhet
Ким Чон Мин,kim-chon-min
Им Се Ми,im-se-mi
Ким Га Ын,kim-ga-yn
У Цзя И,u-tszia-i
Ли Со Джин,li-so-dzhin
Ли Синь Бо,li-sin-bo
Сун Мэй На,sun-mei-na
Мао Сяо Тун,mao-siao-tun
Хён Бин,khion-bin
Нагацума Рэо,nagatsuma-reo
О Джи Ын,o-dzhi-yn
Ху Вэнь Сюань,khu-ven-siuan
Чжин Гён,chzhin-gion
Дансон Тан,danson-tan
У Ган,u-gan
Чэнь Чжэ Юань,chen-chzhe-iuan
Ли Цзя Ци,li-tszia-tsi
Чжао Юй Си,chzhao-iui-si
ВинВин,vinvin
Ким Рэ Вон,kim-re-von
Мамия Сётаро,mamiia-siotaro
Мэгуро Рэн,meguro-ren
Ямада Юки,iamada-iuki
Цзэн Цзин Хуа,tszen-tszin-khua
Син Хён Сын,sin-khion-syn
Вон Джи Ан,von-dzhi-an
Ён Джэ Хён,ion-dzhe-khion
Ся Нань,sia-nan
Накагава Тика,nakagava-tika
Ким Бом,kim-bom
Пак Хи Сун,pak-khi-sun
Чан До Юн,chan-do-iun
Им Джи Соп,im-dzhi-sop
Йорки Сунь,iorki-sun
Тань Цзянь Цы,tan-tszian-tsy
Сун Вэй Лун,sun-vei-lun
Ким Мин Чхоль,kim-min-chkhol
Тан Мэн Цзя,tan-men-tszia
Гао Цзи Цай,gao-tszi-tsai
Кён Су Джин,kion-su-dzhin
Мао Ци Шэн,mao-tsi-shen
Чан Ый Су,chan-yi-su
Нишикидо Рё,nishikido-rio
Яо Чи,iao-chi
Чон Ю Ми,chon-iu-mi
Ём Чон А,iom-chon-a
Ан Джэ Хён,an-dzhe-khion
Сато Тайки,sato-taiki
Оу Хао,ou-khao
Ли Ки У,li-ki-u
Сяо Чжань,siao-chzhan
Люк Исикава Плоуден,liuk-isikava-plouden
Пак Джи Хун,pak-dzhi-khun
Цзян Шу Ин,tszian-shu-in
Плой Канъярат Рыэнрун,ploi-kaniarat-ryenrun
Ким Мин Джун,kim-min-dzhun
Чхве Джэ Ун,chkhve-dzhe-un
Ян Чжи Вэнь,ian-chzhi-ven
Окбэб Чутимон Чынчаронсукйин,okbeb-chutimon-chyncharonsukiin
Хама Сёго,khama-siogo
Мэй Питнат Сакакон,mei-pitnat-sakakon
Мацуюки Ясуко,matsuiuki-iasuko
Ли Мин Джи,li-min-dzhi
Хираяма Хироюки,khiraiama-khiroiuki
Мин Пхиравит Аттачитсатапон,min-pkhiravit-attachitsatapon
Ким Дон Ван,kim-don-van
Цзин Чао,tszin-chao
Хуан Ю Мин,khuan-iu-min
Ван Ин Лу,van-in-lu
Ха Юн Гён,kha-iun-gion
Окамото Рэй,okamoto-rei
Чжан Мяо И,chzhan-miao-i
Чэнь Сюнь,chen-siun
Ян Шо,ian-sho
Хагивара Рику,khagivara-riku
Ким Тэ Хён,kim-te-khion
Цинь Хао,tsin-khao
Чон У Сон,chon-u-son
Ким Ён Джэ,kim-ion-dzhe
Камики Рюноскэ,kamiki-riunoske
Синь Чжи Лэй,sin-chzhi-lei
Гон Ю,gon-iu
Чо Хан Чхоль,cho-khan-chkhol
Ким Вон Хэ,kim-von-khe
Линь Хуэй Минь,lin-khuei-min
Хан Чжон Су,khan-chzhon-su
Юй Шу Синь,iui-shu-sin
Нам Бо Ра,nam-bo-ra
Син Дон Ми,sin-don-mi
Чжан Сяо Фэй,chzhan-siao-fei
Чон Мун Сон,chon-mun-son
Квак Дон Ён,kvak-don-ion
Чжу Минь Синь,chzhu-min-sin
Нене Поннапан Понпенпипат,nene-ponnapan-ponpenpipat
Го Чан Сок,go-chan-sok
Ли Мин Дэ,li-min-de
Кодзима Кэн,kodzima-ken
Ли Лу Лу,li-lu-lu
Чжоу Е,chzhou-e
Хун Сяо,khun-siao
Дун Янь,dun-ian
Чо Хи Бон,cho-khi-bon
Кан Си,kan-si
Пуклук Фонтип Ватчаратракун,pukluk-fontip-vatcharatrakun
Ким Да Сом,kim-da-som
Ли Чун Линь,li-chun-lin
Цзя И,tszia-i
Линь Юй Шэнь,lin-iui-shen
Шэнь Юэ,shen-iue
Сун Бай Вэй,sun-bai-vei
Син Си А,sin-si-a
Бао Хань,bao-khan
Цзяо Цзюнь Янь,tsziao-tsziun-ian
Сюй Цзя Ци,siui-tszia-tsi
Чхве Хён Ук,chkhve-khion-uk
Нукуми Мэро,nukumi-mero
Вэнь Цзюнь Хуэй,ven-tsziun-khuei
Сато Юсукэ,sato-iusuke
Ми Лу,mi-lu
Ким Джин У,kim-dzhin-u
Ли Сын Ги,li-syn-gi
Ким Хе Юн,kim-khe-iun
Кен Пхупум Пхонпану,ken-pkhupum-pkhonpanu
Панпан Сутатта Удомсин,panpan-sutatta-udomsin
Цзэн Шао Цзун,tszen-shao-tszun
Ли Бо Ён,li-bo-ion
Чхве Мин Су,chkhve-min-su
Ли Си Ён,li-si-ion
Ван Цзу И,van-tszu-i
Ван Ань Юй,van-an-iui
Ли Цзун Хань,li-tszun-khan
Цзи Мэй Хань,tszi-mei-khan
Ким Ён Хун,kim-ion-khun
О Джэ Ун,o-dzhe-un
Ким Да Ми,kim-da-mi
Кван Усамани Вайтаянон,kvan-usamani-vaitaianon
Сунь Цзу Цзюнь,sun-tszu-tsziun
Пак Ши Ху,pak-shi-khu
Ан Дон Гу,an-don-gu
Ким Ки Хэ,kim-ki-khe
Чжу Янь Мань Цзы,chzhu-ian-man-tszy
Хуан Бо,khuan-bo
Брайт Вачиравит Чиваари,brait-vachiravit-chivaari
Шэнь Ци,shen-tsi
Пак Джин Ён,pak-dzhin-ion
Пак Кён Хе,pak-kion-khe
Ли Чжон Хён,li-chzhon-khion
Ниихара Тайсукэ,niikhara-taisuke
Дэн Вэй,den-vei
Хан Сон Хва,khan-son-khva
Ли Га Ын,li-ga-yn
Вью Беньяпа Тжинпрасом,viu-beniapa-tzhinprasom
Такахаси Хикару,takakhasi-khikaru
Лай Юй Мэн,lai-iui-men
Шан Сюань,shan-siuan
Пэй Цзы Тянь,pei-tszy-tian
Рю Джин,riu-dzhin
Дай Гао Чжэн,dai-gao-chzhen
Пимми Пимпрапа Танпрапапон,pimmi-pimprapa-tanprapapon
Ким Джи Су,kim-dzhi-su
Чан Ми Кван,chan-mi-kvan
Лю Сюэ И,liu-siue-i
Чжоу Чуань Цзюнь,chzhou-chuan-tsziun
Фу Синь Бо,fu-sin-bo
Ли Вон Гын,li-von-gyn
Чо Юн Хи,cho-iun-khi
Ошинари Шуго,oshinari-shugo
Миками Аи,mikami-ai
Чо Ын Джи,cho-yn-dzhi
О Сын А,o-syn-a
Год Иттипат Танит,god-ittipat-tanit
Нам Сан Ми,nam-san-mi
Ван И Тин,van-i-tin
Ли Хи Чжун,li-khi-chzhun
Ло Юнь Си,lo-iun-si
Хаями Акари,khaiami-akari
Линь Юнь,lin-iun
Чо Сын У,cho-syn-u
Ватанабэ Кэйсукэ,vatanabe-keisuke
Ван Хан Вэнь,van-khan-ven
Микс Сахапхап Вонрат,miks-sakhapkhap-vonrat
Кисий Юкино,kisii-iukino
Порш Саран Сирилак,porsh-saran-sirilak
Го Чэн,go-chen
Ким Рве Ха,kim-rve-kha
Ло Ши Ци,lo-shi-tsi
Май Варит Сирисантана,mai-varit-sirisantana
Ябуки Нако,iabuki-nako
Чжан Синь,chzhan-sin
Ким Му Ёль,kim-mu-iol
Нам Джу Хёк,nam-dzhu-khiok
Со Хён,so-khion
Мукаи Осаму,mukai-osamu
Сяо Юй,siao-iui
Жэнь Хао,zhen-khao
Чэн Фань,chen-fan
Ананда Эверингем,ananda-everingem
Го Хён Чжон,go-khion-chzhon
Сунь И Нин,sun-i-nin
Цзян И И,tszian-i-i
Ким Ю Хван,kim-iu-khvan
Хан Ги Чхан,khan-gi-chkhan
Ваннесс Ву,vanness-vu
Линь Цзе Хуэй,lin-tsze-khuei
Чжэн Цю Хун,chzhen-tsiu-khun
Пак Гю Ён,pak-giu-ion
Чиппи Сирин Придиянон,chippi-sirin-pridiianon
Ким До Ван,kim-do-van
Мелвин Сыа,melvin-sya
Ким Хэ Сук,kim-khe-suk
Ло Чжэн,lo-chzhen
Фу Вэй Лунь,fu-vei-lun
Крин Атсадапон Сириваттанакун,krin-atsadapon-sirivattanakun
Марио Маурер,mario-maurer
Бэнк Атит Танвибунпанит,benk-atit-tanvibunpanit
Чжуан Да Фэй,chzhuan-da-fei
Ли Чан У,li-chan-u
Сюй Бинь,siui-bin
Ли Ын Сэм,li-yn-sem
Чан Ё Бин,chan-io-bin
Чжоу И Жань,chzhou-i-zhan
Хан Сок Гю,khan-sok-giu
Сираиси Май,siraisi-mai
Бянь Чэн,bian-chen
Лу Юй Сяо,lu-iui-siao
Цзян Чэнь,tszian-chen
Гао Хань,gao-khan
Ван Жуй Чан,van-zhui-chan
Мук Мукда Наринрак,muk-mukda-narinrak
Ю Сон,iu-son
Ким Сон А,kim-son-a
Пэт Напапа Тантракун,pet-napapa-tantrakun
Айс Причая Понтананикон,ais-prichaia-pontananikon
Го Сяо Тин,go-siao-tin
Хэ Чан Си,khe-chan-si
Хань Дун,khan-dun
Хон Кён,khon-kion
Го Чжу Вон,go-chzhu-von
Нин Ли,nin-li
A-Moon,a-moon
Алекс Рэнделл,aleks-rendell
Аракава Ёсиёси,arakava-iosiiosi
Ли Чхан Хён,li-chkhan-khion
Нагахама Нэру,nagakhama-neru
Шин Дон Хо,shin-don-kho
Ти Танапон Тжарутжитранон,ti-tanapon-tzharutzhitranon
Акита Сиори,akita-siori
Мон Танатчай Вичитвонтон,mon-tanatchai-vichitvonton
Чхве Мин Сик,chkhve-min-sik
На Ён Хи,na-ion-khi
Мук Воранит Тавонвон,muk-voranit-tavonvon
Джес Тжетпипат Тилапонпат,dzhes-tzhetpipat-tilaponpat
Накамото Юта,nakamoto-iuta
Цзун Фэн Янь,tszun-fen-ian
Ким Мин Джэ,kim-min-dzhe
Ким Со Ён,kim-so-ion
Хван Мин Хён,khvan-min-khion
И Хэн,i-khen
Чон Мин Сон,chon-min-son
Кан Бёль,kan-biol
Хён У,khion-u
Кан Ён Сок,kan-ion-sok
Пак Джу Ми,pak-dzhu-mi
Син Фэй,sin-fei
Со Хё Рим,so-khio-rim
Тун Мэн Ши,tun-men-shi
Би Тассапак Чи,bi-tassapak-chi
Масима Хидэкадзу,masima-khidekadzu
Жэнь Минь,zhen-min
Тор Танапоп Лиратанакатжон,tor-tanapop-liratanakatzhon
Чжан Синь И,chzhan-sin-i
Со Джи Хун,so-dzhi-khun
Кан Син Иль,kan-sin-il
Фудзиока Майто,fudzioka-maito
Чжао Чжи Вэй,chzhao-chzhi-vei
Ли Хён Джу,li-khion-dzhu
Люй Сяо Юй,liui-siao-iui
Тянь Юй,tian-iui
Чхве Дэ Хун,chkhve-de-khun
Су Э,su-e
Цзинь Хань,tszin-khan
Бай Бай Хэ,bai-bai-khe
Исии Анна,isii-anna
Ким Ён Кван,kim-ion-kvan
Ю Сун Чхоль,iu-sun-chkhol
Грет Сапол Асаваманкон,gret-sapol-asavamankon
Масико Ацуки,masiko-atsuki
Вэй Да Сюнь,vei-da-siun
Бо Мэйлада Суси,bo-meilada-susi
Со Кан Джун,so-kan-dzhun
Чжао Юань Юань,chzhao-iuan-iuan
Мун Чжон Хи,mun-chzhon-khi
Чо Пён Гю,cho-pion-giu
Гу Гё Хван,gu-gio-khvan
Ким Дон Ук,kim-don-uk
Нью Тхитипум Течаапайкхун,niu-tkhitipum-techaapaikkhun
Ым Мун Сок,ym-mun-sok
Соль Ин А,sol-in-a
Пак Соломон,pak-solomon
Пэн Гуань Ин,pen-guan-in
Чжоу Цзы Синь,chzhou-tszy-sin
Чон Га Рам,chon-ga-ram
Ким Квон,kim-kvon
Чжоу Чэн Ао,chzhou-chen-ao
Ким Джун,kim-dzhun
Луис Фань,luis-fan
Сяо Юй Лян,siao-iui-lian
Сон Чон Хо,son-chon-kho
Прим Чаникан Танкабоди,prim-chanikan-tankabodi
Ким До Хён,kim-do-khion
Хань Чэн Юй,khan-chen-iui
Со Ын Су,so-yn-su
Ёсида Ё,iosida-io
Бай Юй,bai-iui
Кан Ю Сок,kan-iu-sok
Чхве Мён Гиль,chkhve-mion-gil
Хан Да Соль,khan-da-sol
Гулиначжа,gulinachzha
Син Джэ Ха,sin-dzhe-kha
Юн Ё Чжон,iun-io-chzhon
Чха Тхэ Хён,chkha-tkhe-khion
Ким Джи Хун,kim-dzhi-khun
Сон Чжи Ын,son-chzhi-yn
Эм Апинан Прасетваттанакун,em-apinan-prasetvattanakun
Чон Сок Хо,chon-sok-kho
Чэнь Ши Чэн,chen-shi-chen
Юн Чхан Ён,iun-chkhan-ion
Лю Минь Тин,liu-min-tin
Не Цзи Хао,ne-tszi-khao
Ким Джу Хён,kim-dzhu-khion
Линь И,lin-i
Руби Линь,rubi-lin
Чжао Вэй,chzhao-vei
Пан Мин А,pan-min-a
Катаёсэ Рёта,kataiose-riota
Лю Тэ,liu-te
Чжу Я Вэнь,chzhu-ia-ven
Чон Гон Джу,chon-gon-dzhu
Чон У Ён,chon-u-ion
Чо И Хён,cho-i-khion
Чжоу Цзюнь Чао,chzhou-tsziun-chao
Ван Та Лу,van-ta-lu
Ли Да Ин,li-da-in
Каваниси Такуми,kavanisi-takumi
Сакураба Нанами,sakuraba-nanami
Пэк Мин Хен,pek-min-khen
Чон Ё Бин,chon-io-bin
Ва Эр,va-er
Чжан Синь Юй,chzhan-sin-iui
Дэн Лунь,den-lun
Дун Сюань,dun-siuan
Лю Чан,liu-chan
Куроба Марио,kuroba-mario
Ся Чжи Гуан,sia-chzhi-guan
Патрисия Танчанок Гуд,patrisiia-tanchanok-gud
Марк Чао,mark-chao
Ху И Тянь,khu-i-tian
Ом Пават Читсаванди,om-pavat-chitsavandi
Сюй Вэй Чжоу,siui-vei-chzhou
Чжан Сяо Чэнь,chzhan-siao-chen
Ху Бин Цин,khu-bin-tsin
Тонхом Сакунтала Тиенпайрот,tonkhom-sakuntala-tienpairot
Китаяма Хиромицу,kitaiama-khiromitsu
Дэгути Нацуко,deguti-natsuko
Ван Фэй Фэй,van-fei-fei
Чон Кён Хо,chon-kion-kho
Цуй Хан,tsui-khan
Юй Бо,iui-bo
Соним,sonim
Ким Се Чжон,kim-se-chzhon
Сон Джун Ки,son-dzhun-ki
Ким Чон Тхэ,kim-chon-tkhe
Цао Цзюнь,tsao-tsziun
Жэнь Янь Кай,zhen-ian-kai
Ви Ха Джун,vi-kha-dzhun
Юй Кай Нин,iui-kai-nin
Хэ Фэн Тянь,khe-fen-tian
На Ин У,na-in-u
Анна Тонгпрасом,anna-tongprasom
Пак Чжи Юн,pak-chzhi-iun
Чэнь Бо Линь,chen-bo-lin
Пё Йе Чжин,pio-ie-chzhin
Ли Чунь,li-chun
Судзуки Джин,sudzuki-dzhin
Чиба Юдай,chiba-iudai
Хан Со Хи,khan-so-khi
Соня Суй,sonia-sui
Хон Су Хён,khon-su-khion
Сю Цзе Кай,siu-tsze-kai
Им Юн А,im-iun-a
Юн Со Хи,iun-so-khi
Ма Сы Чунь,ma-sy-chun
Денни Хуан,denni-khuan
Ван Жунь Цзэ,van-zhun-tsze
Вань Янь Ло Жун,van-ian-lo-zhun
Понд Наравит Летраткосум,pond-naravit-letratkosum
Ли Чжу Сын,li-chzhu-syn
Чжан Тянь Ай,chzhan-tian-ai
Сано Рэо,sano-reo
Сакурада Дори,sakurada-dori
Сунь Ли,sun-li
Се И Бо,se-i-bo
Квон На Ра,kvon-na-ra
Гу Лань Ди,gu-lan-di
Юн Чжи Мин,iun-chzhi-min
Со Чжон Ён,so-chzhon-ion
Боско Вон,bosko-von
Гуань Синь,guan-sin
Чон Ин Сон,chon-in-son
Хиросэ Судзу,khirose-sudzu
Рю Су Ён,riu-su-ion
Пак Се Ван,pak-se-van
Пак Джэ Чан,pak-dzhe-chan
Шао Юнь,shao-iun
Хан Джи Мин,khan-dzhi-min
Ким Чон Хон,kim-chon-khon
Ан Джэ Хон,an-dzhe-khon
Ю Джи Тхэ,iu-dzhi-tkhe
Пон Наваш Пупантачаси,pon-navash-pupantachasi
Пак Чхэ Рин,pak-chkhe-rin
Ю Юэ,iu-iue
Ли Си Он,li-si-on
Лай И,lai-i
Юань Вэнь Кан,iuan-ven-kan
Оикава Мицухиро,oikava-mitsukhiro
Юн Со Бин,iun-so-bin
Се Син Ян,se-sin-ian
Фа Йонвари Намкасем,fa-ionvari-namkasem
Со Чжи Соп,so-chzhi-sop
Танабэ Момоко,tanabe-momoko
Риза Алимжан,riza-alimzhan
О Ён Со,o-ion-so
Нанао,nanao
Ся Жо Янь,sia-zho-ian
Хван Хи,khvan-khi
Ван Цзы Ци,van-tszy-tsi
Гао Тай Юй,gao-tai-iui
Чон Джи Со,chon-dzhi-so
Ай Саранчана Апасимаиманкул,ai-saranchana-apasimaimankul
Ли Мин Ён,li-min-ion
Пань Цзы Цзянь,pan-tszy-tszian
Квон Су Хён,kvon-su-khion
Джоб Тхачапон Кувонбандит,dzhob-tkhachapon-kuvonbandit
Жэнь Цзя Лунь,zhen-tszia-lun
Чжин Ки Чжу,chzhin-ki-chzhu
Сон Сон Юн,son-son-iun
Ло Хун Чжэн,lo-khun-chzhen
Ли Мин Ки,li-min-ki
Цзинь Цзэ,tszin-tsze
Мун Джи Ху,mun-dzhi-khu
Кан Джун Кю,kan-dzhun-kiu
Ли Сон Гюн,li-son-giun
Ли Со Ён,li-so-ion
Мао Цзы Цзюнь,mao-tszy-tsziun
АйЮ,aiiu
Хви Ён,khvi-ion
Чжэн Хэ Хуэй Цзы,chzhen-khe-khuei-tszy
Кикути Фума,kikuti-fuma
Ли Джон Хёк,li-dzhon-khiok
Ван Цзы Вэнь,van-tszy-ven
Кан Чжи Соп,kan-chzhi-sop
Ли Дон Ук,li-don-uk
Синтия Кармен Бишоп,sintiia-karmen-bishop
Сян Хань Чжи,sian-khan-chzhi
Сюй Сяо Но,siui-siao-no
Яо Чэнь,iao-chen
Миу Нитта Тжираянъюн,miu-nitta-tzhiraianiun
Нэк Чарли Трайрат,nek-charli-trairat
Сота Рёсукэ,sota-riosuke
Ли Юн Чжи,li-iun-chzhi
Гун Цзюнь,gun-tsziun
Син Йе Ын,sin-ie-yn
Ким Ён Чжи,kim-ion-chzhi
Фу Юй Шу,fu-iui-shu
Ким Бён Чхоль,kim-bion-chkhol
Ню Цзы Фань,niu-tszy-fan
Пипи Пунприди Кхумпром Родсават,pipi-punpridi-kkhumprom-rodsavat
Сун И Жэнь,sun-i-zhen
Но Сан Хён,no-san-khion
Судзуки Айри,sudzuki-airi
Отани Рёхэй,otani-riokhei
Ким Хё Сон,kim-khio-son
Ли Хён У,li-khion-u
Марк Пахун Тжиячарэн,mark-pakhun-tzhiiacharen
Чжай Тянь Линь,chzhai-tian-lin
Юн Пак,iun-pak
Пэн Цзянь Сюн,pen-tszian-siun
Ким Сон Ён,kim-son-ion
Ян Юй Тин,ian-iui-tin
Ли Синь Жань,li-sin-zhan
Ян Лэ,ian-le
Лю Инь Цзюнь,liu-in-tsziun
Ван Сюань,van-siuan
Ю Хэ Чжин,iu-khe-chzhin
Чха У Мин,chkha-u-min
Нат Тепхассадин На Аюттая,nat-tepkhassadin-na-aiuttaia
И Да Цянь,i-da-tsian
Вивиан Сун,vivian-sun
Чжан Цзы Фэн,chzhan-tszy-fen
Сунь И,sunb-i
Ма Ли,ma-li
Ким Чжэ Вон,kim-chzhe-von
Цзинь Ян Ян,tszin-ian-ian
Шисон Джун,shison-dzhun
Дэн Цзя Цзя,den-tszia-tszia
Сон На Ын,son-na-yn
Итикава Юи,itikava-iui
Ли Тин Тин,li-tin-tin
Ху И Яо,khu-i-iao
Ким Чжи Сок,kim-chzhi-sok
Сон Джи Хё,son-dzhi-khio
Син Хён Бин,sin-khion-bin
Мун Га Ён,mun-ga-ion
Чэнь И Лун,chen-i-lun
Лян Цзе,lian-tsze
Ферн Ноптжира Леккатжоннамкун,fern-noptzhira-lekkatzhonnamkun
Ли Дун Хэн,li-dun-khen
Хонда Цубаса,khonda-tsubasa
Э Ли Я,e-li-ia
Миура Харума,miura-kharuma
Ян Цзэ,ian-tsze
Ким Со Ын,kim-so-yn
Чу Сан Ук,chu-san-uk
Пак Ха Сон,pak-kha-son
Ма Дон Сок,ma-don-sok
Сюй Кэ,siui-ke
Чжоу И Сюань,chzhou-i-siuan
Ан До Гю,an-do-giu
Пак Гын Хён,pak-gyn-khion
Хо Джун Хо,kho-dzhun-kho
Юн Хён Мин,iun-khion-min
Хон Джи Су,khon-dzhi-su
Лю Лин Цзы,liu-lin-tszy
Дин Сяо Ин,din-siao-in
Уоллес Чун,uolles-chun
Ли Джон Ха,li-dzhon-kha
Чжи Чжин Хи,chzhi-chzhin-khi
Чжао Сяо Тан,chzhao-siao-tan
Суда Масаки,suda-masaki
Чхэ Джон Хёп,chkhe-dzhon-khiop
Сюй Жо Хань,siui-zho-khan
Ма Кэ,ma-ke
Дженни Чан,dzhenni-chan
Ли Сан У,li-san-u
Сэйно Нана,seino-nana
Вон Тхэ Мин,von-tkhe-min
Ма Вэнь Юань,ma-ven-iuan
Сон Кан Хо,son-kan-kho
Син Хе Сон,sin-khe-son
Гуань Чан,guan-chan
Ли Чхон А,li-chkhon-a
Кура Юки,kura-iuki
Сон Юк Сонпайсан,son-iuk-sonpaisan
Канти Лау,kanti-lau
Ван Сюй Дун,van-siui-dun
Иитоё Мариэ,iitoio-marie
Ли Се Хи,li-se-khi
Нагано Мэй,nagano-mei
Чжан Чу Хань,chzhan-chu-khan
Квон Мин А,kvon-min-a
Чжао Цзинь Май,chzhao-tszin-mai
Хуан Сюань,khuan-siuan
Пэ Чон Ок,pe-chon-ok
Чо Сон Ха,cho-son-kha
Лай Гуань Линь,lai-guan-lin
Чжи Чан Ук,chzhi-chan-uk
О Чжон Се,o-chzhon-se
Той Понсакон Меттариканон,toi-ponsakon-mettarikanon
Чхве Йе Бин,chkhve-ie-bin
Лю Тао,liu-tao
Кимура Рё,kimura-rio
Цутия Тао,tsutiia-tao
Ли Пён Чжун,li-pion-chzhun
Хван Чон Мин,khvan-chon-min
Цай Хуан Жу,tsai-khuan-zhu
Мацусима Нанако,matsusima-nanako
Хэ И Чэнь,khe-i-chen
Пак Хо Сан,pak-kho-san
Цуй Юй Синь,tsui-iui-sin
Ю Ён Сок,iu-ion-sok
Син Хён Чжун,sin-khion-chzhun
Ли Цзюнь Чэнь,li-tsziun-chen
Сон Джун,son-dzhun
Ту Сун Янь,tu-sun-ian
Аидзава Рина,aidzava-rina
Ким Ок Бин,kim-ok-bin
Ли Дон Хви,li-don-khvi
Гун Жуй,gun-zhui
Сун Пэй Цзэ,sun-pei-tsze
Хван Сын Он,khvan-syn-on
Эмбер Ан,ember-an
Дэн Кай,den-kai
Лю Юн Си,liu-iun-si
Ван И Лунь,van-i-lun
Лю И Тун,liu-i-tun
Цзинь Чэнь,tszin-chen
Чжан Хань Юнь,chzhan-khan-iun
Ли Чхэ Мин,li-chkhe-min
Цзинь Цзы Сюань,tszin-tszy-siuan
Ан Нэ Сан,an-ne-san
Квон Сан У,kvon-san-u
Ча Хак Ён,cha-khak-ion
Чон Ён Ин,chon-ion-in
Юк Сон Чжэ,iuk-son-chzhe
Ган Аттапхан Пунсават,gan-attapkhan-punsavat
Цао Си Вэнь,tsao-si-ven
Пак Со Джун,pak-so-dzhun
Вивьен Сюй,viven-siui
Пак Чжон Ён,pak-chzhon-ion
Ким Юн Хе,kim-iun-khe
Ло Мин Цзе,lo-min-tsze
Такасуги Махиро,takasugi-makhiro
Намтан Пичаккана Вонсараттанасин,namtan-pichakkana-vonsarattanasin
Мун Со Ри,mun-so-ri
Го Су,go-su
Чжан Цзе,chzhan-tsze
Пак Джи Хён,pak-dzhi-khion
Го Сон Хи,go-son-khi
Чжэн Е Чэн,chzhen-e-chen
Поппи Ратчапхон Аномкити,poppi-ratchapkhon-anomkiti
Чан До Ён,chan-do-ion
Ли Син Ён,li-sin-ion
До Сан У,do-san-u
Му Джин Сон,mu-dzhin-son
Ху Вэнь Чжэ,khu-ven-chzhe
Ким Ю Чжон,kim-iu-chzhon
Лю Хай Куань,liu-khai-kuan
О На Ра,o-na-ra
Ким Сон Хёк,kim-son-khiok
Хван Чжон Ым,khvan-chzhon-ym
Ли Джин Соль,li-dzhin-sol
Итиносэ Ватару,itinose-vataru
Имада Мио,imada-mio
Ким Хи Вон,kim-khi-von
Зи Прук Панит,zi-pruk-panit
Джек Ли,dzhek-li
Ван Цзы Сюань,van-tszy-siuan
Майк Чиннарат Сирипхончхавалит,maik-chinnarat-siripkhonchkhavalit
Ю Ин На,iu-in-na
Дай Сюй,dai-siui
Цю Дин Цзе,tsiu-din-tsze
Ван Чу Жань,van-chu-zhan
Хига Манами,khiga-manami
Джиллиан Чун,dzhillian-chun
Ким До Ён,kim-do-ion
Джексон И,dzhekson-i
Лян Цзин Кан,lian-tszin-kan
Кан Мин Хёк,kan-min-khiok
Ким Су Хён,kim-su-khion
Чжу Мин Гён,chzhu-min-gion
Пак Бо Гом,pak-bo-gom
Ким У Cок,kim-u-cok
Акасо Эйдзи,akaso-eidzi
Ван Чжо Чэн,van-chzho-chen
Син Ын Су,sin-yn-su
Ямамото Мидзуки,iamamoto-midzuki
Лю Чэн Линь,liu-chen-lin
Соль Кён Гу,sol-kion-gu
Чжай Цзы Лу,chzhai-tszy-lu
Ким Хи Э,kim-khi-e
Охара Сакурако,okhara-sakurako
Ши Бай Юй,shi-bai-iui
Чжао Цин,chzhao-tsin
И Бо Чэнь,i-bo-chen
О Се Хун,o-se-khun
Ониси Рюсэй,onisi-riusei
Сюань Лу,siuan-lu
Ким Чон Хва,kim-chon-khva
Каона Киттипат Кэучарын,kaona-kittipat-keucharyn
Е Шэн Цзя,e-shen-tszia
Цяо Чжэнь Юй,tsiao-chzhen-iui
Им Джи Кю,im-dzhi-kiu
Ма Синь Мо,ma-sin-mo
О Ён Силь,o-ion-sil
Пак Се Ён,pak-se-ion
Сунь Чжэнь Ни,sun-chzhen-ni
Райку,raiku
Чжу Чжи Хун,chzhu-chzhi-khun
Цай Вэнь Цзин,tsai-ven-tszin
Ван Хао Сюань,van-khao-siuan
Сакурай Кайто,sakurai-kaito
Су Сяо Тун,su-siao-tun
Сато Арата,sato-arata
Квон Юль,kvon-iul
Чжин Со Ён,chzhin-so-ion
Ом Хё Соп,om-khio-sop
Чу У Чжэ,chu-u-chzhe
Чжин Гу,chzhin-gu
Рю Кён Су,riu-kion-su
Сы Юэ,sy-iue
Сюй Чжэн Си,siui-chzhen-si
Ю Джун Сан,iu-dzhun-san
Чжоу И Вэй,chzhou-i-vei
Лю И Хао,liu-i-khao
Тик Тжесадапон Понди,tik-tzhesadapon-pondi
Ли Се Ён,li-se-ion
Шао Вэй Тун,shao-vei-tun
Ким У Бин,kim-u-bin
Хун Яо,khun-iao
У Тянь Хао,u-tian-khao
Ким Юн Чжин,kim-iun-chzhin
Чон Ун Ин,chon-un-in
У Кан Жэнь,u-kan-zhen
Ань Юэ Си,an-iue-si
Ён У Чжин,ion-u-chzhin
Мью Суппасит Тончививат,miu-suppasit-tonchivivat
Сугино Ёсукэ,sugino-iosuke
Чон Ый Джэ,chon-yi-dzhe
Адати Рика,adati-rika
Дуань Син Юй,duan-sin-iui
Чжан Хань,chzhan-khan
Чжан Хао Вэй,chzhan-khao-vei
Чжэн Юнь Лун,chzhen-iun-lun
Чон У,chon-u
Чжан Я Цинь,chzhan-ia-tsin
Кан Даниэль,kan-daniel
Син Ын Гён,sin-yn-gion
Ким Го Ын,kim-go-yn
Тан И Синь,tan-i-sin
Со Джи Хе,so-dzhi-khe
Чжан Хуэй Вэнь,chzhan-khuei-ven
Чэнь Жо Сюань,chen-zho-siuan
У Сяо Лян,u-siao-lian
Чжао Да,chzhao-da
Ван И Бо,van-i-bo
Ким И Гён,kim-i-gion
Ян Хе Джи,ian-khe-dzhi
Пак Хэ Чжин,pak-khe-chzhin
Чхэ Су Бин,chkhe-su-bin
Вунсен Виритипа Пакдипрасон,vunsen-viritipa-pakdiprason
Ли Чжи А,li-chzhi-a
Ли Чуань,li-chuan
Син Со Хён,sin-so-khion
Пэн Сяо Жань,pen-siao-zhan
Юн Ши Юн,iun-shi-iun
Китисэ Митико,kitise-mitiko
Тун Ли Я,tun-li-ia
Пак Си У,pak-si-u
Фудзиока Дин,fudzioka-din
Ли Чон Вон,li-chon-von
Ким Юн Тэ,kim-iun-te
Нун Воранут Пиромпакди,nun-voranut-pirompakdi
Чжан Цзя Шуо,chzhan-tszia-shuo
Койдэ Кэйсукэ,koide-keisuke
Ким Хён Джин,kim-khion-dzhin
Чэнь Юй Ци,chen-iui-tsi